Workbook

Sheet 封面
B4: 宁波生久科技有限公司
B10: 材料承认书 Rev3.1版本
B12: 材料名称:
B14: 生久料号:
B16: 图纸版本:
B19: 供应商确认签章 | F19: 生久承认签章
B20: 联系人 | C20: 制作 | D20: 审核 | E20: 核准
C21: Leven | D21: 王立均 | E21: 张启宇
B26: 供应商地址：
C27: 宁波市余姚市大隐镇学士桥村生久老厂房三楼久益电子有限公司
B28: 供应商电话：
C29: 13486459752
B30: 供应商传真：
B32: 供应商邮箱：
C33: joyielec @163.com

Sheet 承认书资料名细表
A4: 宁波生久科技有限公司
A5: 承认书资料名细表
C7: 送样承认书目录-------------------------------1
C8: 图纸（生久&供应商）-------------------------2
C9: 供应商部件承认书-----------------------------3
C10: 样品照片（多角度）---------------------------4
C11: 供应商测试报告(FAI)--------------------------5
C12: 信赖性测试报告-------------------------------6
C13: 材质成分展开表-------------------------------7
C14: 材质证明书-----------------------------------8
C15: UL证明---------------------------------------9
C16: 车规级增加资料------------------------------10
C17: 包装规范------------------------------------11
C18: 出货报告＆样品-----------------------------12
B24: http://www.shengjiu.com/

Sheet 1.送样承认书目录
A4: 宁波生久科技有限公司
A5: 送样承认书目录
A6: 项目 | B6: NO. | C6: 提交类型 | D6: 送样承认书点检项目列表（CHECK ITEM） | E6: 判定 | F6: 备注
A7: 1.承认书目录 | B7: 1.1 | C7: 电子档 | D7: 所有项目必须备齐，清晰可辨识，未附资料项目需说明原因 送样申请方自行审查资料正确性、完整性，确认合格后方可送出 | E7: V
A8: 2.规格图纸 | B8: 2.1 | C8: 电子档 | D8: 规格图纸必须为收到的最新版本，可接受最新版临时规格送样 如厂商自行转换图纸，则需附送转化后的厂商图纸以供核对 | E8: V
A9: 3.材料全尺寸报告 | B9: 3.1 | C9: 电子档 | D9: 报告格式：可使用各厂商的出货报告，并且数据真实 | E9: V
B10: 3.2 | C10: / | D10: 测试数量：模具品每穴至少测试5pcs数据，非模具品至少测试10pcs数据 | E10: V
B11: 3.3 | C11: / | D11: 重点尺寸：需附FAI＆CPK测试数据（CPK>1.33,车用CPK>1.67） | E11: V
A12: 4.信赖性测试报告 | B12: 4.1 | C12: 电子档 | D12: 针对产品信赖性所作的验证报告（例如：盐雾实验，高温高湿，附着力测试，铆合力测试，耐摩擦次数等） | E12: V
A13: 5.材料成分展开表 | B13: 5.1 | C13: 电子档 | D13: 使用指定格式《原材料有害物质调查表》，内容与实际用料相同、材料成分与所附送的测试报告相符合，并由责任人签字加盖公司印章 | E13: V
B14: 5.2 | C14: 电子档 | D14: 环保测试报告有效期为1年，测试值须符合环保规范，有害物质测试项目及其测试方法参考附件SJ-QD-MC-01 | E14: V
B15: 5.3 | C15: 电子档 | D15: MSDS及环保测试报告中设计的原材料厂商和品牌、材质、型号必须相同，有差异时需要厂商提供厂商间交易关系证明文件，有效期5年 | E15: V
A16: 6.材质证明书 | B16: 6.1 | C16: 电子档 | D16: 材质证明需包括各化学成分的含量比例、SPEC、测试样品的数据（所测数据需在所规定的SPEC范围内）、抗拉强度、硬度值、延伸率等 | E16: V
A17: 7.安规资料 | B17: 7.1 | C17: 电子档 | D17: 安规材料需提供UL证书（根据附表--器件类别进行提供） | E17: V
A18: *8.工艺流程图 | B18: 8.1 | C18: 电子档 | D18: 工艺流程图请详细填写，模具品需要附送SIP/SOP及试模报告单 | E18: N/A | F18: 车规级需要
A19: *9.PFMEA | B19: 9.1 | C19: 电子档 | D19: 制程失效模式分析（PFMEA）资料需要填写完整、正确、清晰可辨识 | E19: N/A | F19: 车规级需要
A20: *10.控制计划 | B20: 10.1 | C20: 电子档 | D20: 对控制产品所要求的系统及过程的形成文件的描述 | E20: N/A | F20: 车规级需要
A21: *11.MSA分析报告 | B21: 11.1 | C21: 电子档 | D21: 测量系统分析报告（MSA）资料需要填写完整、正确、清晰可辨识 | E21: N/A | F21: 车规级需要
A22: *12.SPC分析报告 | B22: 12.1 | C22: 电子档 | D22: 过程能力分析报告（SPC）资料需要填写完整、正确、清晰可辨识 | E22: N/A | F22: 车规级需要
A23: 13.包装规范 | B23: 13.1 | C23: 电子档 | D23: 目标保证原料不受挤压、撞击等导致变形和损坏，要附件图片说明 包装实验（一角，三棱，六面落地实验）和运输实验，以确保产品运送工程中不会变形失效 | E23: V
A24: 14.送样样品 | B24: 14.1 | C24: 电子档 | D24: 普通件样品20pcs，模具品每模穴5~10pcs，参考《送样数量清单》 | E24: V
B25: 14.2 | D25: 样品为生产随机抽取，不可以使用挑选方式送样，以代表量产品质水准 | E25: V
B26: 14.3 | D26: PWB需要附带菲林+切片报告+OSP膜厚报告，送样样本数量5连片 | E26: N/A
B27: 14.4 | D27: 承认书增加实物彩色照片（正反各一张，要求清晰可辨识）与秤单重照片，单重测试值需清晰可见 | E27: V
A28: 注解:"判定"栏填写:"√"代表资料合格，"×"代表不合格，"N/A"代表不适合;"×"及"N/A"需在备注栏做原因说明 车规级物料提供常规项外还需提供带“ * ”项目的资料 厂商签核：厂商核准后代表送样资料符合以上要求，并且资料按照以上顺序排列，明显违背以上要求的送样将被退件
A29: 料号 | B29: 厂商 | D29: 是否为车规 | E29: 制定 | F29: 核准
B30: 久益 | D30: 否 | E30: Leven | F30: 王立均

Sheet 附表--承认之细则
A1: 物料首次承认＆系列承认之细则
A2: 类别 | B2: 序号 | C2: 名称 | D2: 图纸＆规格书 | E2: 全尺寸(FAI)检测报告 | F2: 信赖性测试报告 | G2: 材料成分展开表 | H2: 材质证明书 | I2: 安规资料 | J2: 车规资料 | K2: 包装规范 | L2: 样品 | M2: 样品数量（≥PCS） 模具品优先满足模穴号 | N2: 备注
A3: 关键器件 | B3: 1 | C3: 扇框 | D3: V | E3: V | F3: V | G3: V | H3: V | I3: V | J3: 需 求 时 提 供 | K3: V | L3: V | M3: 7 | N3: 金属类无需提供安规
B4: 2 | C4: 扇叶 | D4: V | E4: V | F4: V | G4: V | H4: V | I4: V | K4: V | L4: V | M4: 7 | N4: 金属类无需提供安规
B5: 3 | C5: 铜中管 | D5: V | E5: V | F5: V | G5: V | H5: V | I5: NA | K5: V | L5: V | M5: 5
B6: 4 | C6: 铁中管 | D6: V | E6: V | F6: NA | G6: V | H6: V | I6: NA | K6: V | L6: V | M6: 5
B7: 5 | C7: 轴芯 | D7: V | E7: V | F7: V | G7: V | H7: V | I7: NA | K7: V | L7: V | M7: 5
B8: 6 | C8: 轴套 | D8: V | E8: V | F8: V | G8: V | H8: V | I8: NA | K8: V | L8: V | M8: 5
B9: 7 | C9: 马达壳 | D9: V | E9: V | F9: V | G9: V | H9: V | I9: NA | K9: V | L9: V | M9: 8
B10: 8 | C10: 磁性材料 | D10: V | E10: V | F10: V | G10: V | H10: V | I10: NA | K10: V | L10: V | M10: 45
B11: 9 | C11: 导线 | D11: V | E11: V | F11: V | G11: V | H11: V | I11: V | K11: V | L11: V | M11: 5
B12: 10 | C12: 漆包线 | D12: V | E12: V | F12: V | G12: V | H12: V | I12: V | K12: V | L12: V | M12: 2Kg
B13: 11 | C13: 矽钢片 | D13: V | E13: V | F13: V | G13: V | H13: V | I13: NA | K13: V | L13: V | M13: 8 | N13: 两者适配性验证
B14: 12 | C14: 线架 | D14: V | E14: V | F14: V | G14: V | H14: V | I14: V | K14: V | L14: V | M14: 8
B15: 13 | C15: 包射矽钢片 | D15: V | E15: V | F15: V | G15: V | H15: V | I15: V | K15: V | L15: V | M15: 8
B16: 14 | C16: 轴承 | D16: V | E16: V | F16: V | G16: V | H16: V | I16: NA | K16: V | L16: V | M16: 200
B17: 15 | C17: PCB | D17: 具体参照《***评估承认规范》（例如：IC类评估承认规范） | M17: 5连片 | N17: 快板只承认供应商即可
B18: 16 | C18: IC类 | M18: 10
B19: 17 | C19: 二极管类 | M19: 10
B20: 18 | C20: MOS类 | M20: 10
B21: 19 | C21: 电解电容类 | M21: 10
B22: 20 | C22: 电感类 | M22: 10
B23: 21 | C23: MLCC电容类 | M23: 10
B24: 22 | C24: 电阻类 | M24: 10
A25: 非关键器件 | B25: 23 | C25: 塑胶原料 | D25: V | E25: NA | F25: V | G25: V | H25: V | I25: V | J25: 需 求 时 提 供 | K25: V | L25: V | M25: 10Kg
B26: 24 | C26: 金属原料 | D26: V | E26: V | F26: V | G26: V | H26: V | I26: NA | K26: V | L26: V | M26: 30Kg
B27: 25 | C27: 弹簧/扣环等五金件 | D27: V | E27: V | F27: V | G27: V | H27: V | I27: NA | K27: V | L27: V | M27: 5
B28: 26 | C28: 线扣等塑胶件 | D28: V | E28: V | F28: NA | G28: V | H28: V | I28: V | K28: V | L28: V | M28: 6
B29: 27 | C29: 标签/碳带 | D29: V | E29: NA | F29: V | G29: V | H29: V | I29: V | K29: V | L29: V | M29: 10 | N29: 外箱/二维码标签不管控安规
B30: 28 | C30: 金属护网 | D30: V | E30: V | F30: V | G30: V | H30: V | I30: NA | K30: V | L30: V | M30: 5
B31: 29 | C31: 化材类（胶、锡料等） | D31: V | E31: NA | F31: V | G31: V | H31: V | I31: NA | K31: V | L31: V | M31: 1Kg
B32: 30 | C32: 包材类 | D32: V | E32: V | F32: V | G32: V | H32: V | I32: NA | K32: V | L32: V | M32: 5
A33: 委外加工 | B33: 31 | C33: 电镀/电泳等表面处理 | D33: V | E33: V（装配尺寸） | F33: V | G33: V | H33: V | I33: NA | K33: V | L33: V | M33: 5
B34: 32 | C34: 真空镀膜 | D34: V | E34: V（装配尺寸） | F34: V | G34: V | H34: V | I34: NA | K34: V | L34: V | M34: 5
B35: 33 | C35: 线架打PIN | D35: V | E35: V（PIN针尺寸） | F35: V | G35: V | H35: V | I35: NA | K35: V | L35: V | M35: 8
B36: 34 | C36: 委外烧录（IC类） | D36: 具体参照《***评估承认规范》（例如：IC类评估承认规范） | M36: 5
B37: 35 | C37: SMT（PCBA） | M37: 1连片
A38: “V”代表需提供资料；“NA”代表无需提供资料
A39: 备注： 1.扇框、扇叶、马达壳、矽钢片（含包射）、金属护网：同一供应商，同一材质的表面处理，可靠性试验可参照已承认料号承认，实物与其他资料保持不变 2.磁性材料：磁条仅裁切尺寸变化，所用材料供应商、品牌、型号、材质均相同，可参照已承认料号系列承认，无需实物（二供承认需提供实物，验证磁性能的差异性） 3.导线：裸线仅长度变化，所用材料供应商、品牌、型号、材质均相同，可参照已承认料号系列承认，无需实物 4.漆包线：仅线径变化，所用材料供应商、品牌、型号、材质均相同，可参照已承认料号系列承认，无需实物 5.矽钢片：仅堆叠片数和高度变化，所用材料供应商、品牌、型号、材质均相同，可参照已承认料号系列承认，无需实物 6.金属原料：卷料仅裁切宽度变化，所用材料供应商、品牌、型号、材质均相同，可参照已承认料号系列承认，无需实物 7.标签：仅裁切尺寸变化，所用材料供应商、品牌、型号、材质均相同，可参照已承认料号系列承认，无需实物 8.包材：仅裁切尺寸变化，所用材料供应商、品牌、型号、材质均相同，可参照已承认料号系列承认，无需实物 9.委外加工类、PCB快板只承认供应商即可，无需每个料号进行承认；如原供应商新增其他防护工艺只需验证一个料号即可（例如：表面处理由电泳变更成达克罗，工艺可靠性需要重新验证） 10.*上述系列承认之物料承认时提交《材料系列承认申请单》即可，如需进行零件封样，从大货来料时取样 11.*系列承认之材料发生品质问题，取消此材料系列承认，纳入正常承认管制

Sheet 2.图纸（生久&供应商）
B4: 宁波生久科技有限公司
B5: 图纸（生久&供应商）
B23: http://www.shengjiu.com/

Sheet 3.供应商部件承认书
B4: 宁波生久科技有限公司
B5: 供应商部件承认书
B15: 线材 端子胶壳 套管
B23: http://www.shengjiu.com/

Sheet 4.样品照片（多角度）
B4: 宁波生久科技有限公司
B5: 成品照片（多角度）
B23: http://www.shengjiu.com/

Sheet 5.供应商测试报告(FAI)
A1: 供应商测试报告(FAI)--全尺寸
A2: Product name: | C2: 导线 | G2: Drawing No: | I2: =封面!D14 | M2: Revision No: | O2: =封面!D16 | S2: Date: | U2: 2026.06.18 | Y2: Confirm by: | AA2: 王立均
A3: 产品名称: | G3: 图纸编号: | M3: 图纸版本: | S3: 日期: | Y3: 确认者:
A4: Part Description: | C4: / | G4: Cavity #: | I4: / | M4: Supplier: | O4: 久益 | S4: Inspector: | U4: 余义芳 | Y4: Phase:
A5: 部件描述: | G5: 模穴编号: | M5: 供应商: | S5: 检验者: | Z5: 首次送样 | AB5: 第 次送样
A6: Item Number | B6: Dimension / Specification 尺寸规格 | E6: Test result 检测结果 | I6: FAI Measurement Data 测量数据 | AO6: measure instrument code 测量仪器代码 | AP6: remark 备注
I7: 模穴号#
B8: LSL下限 | C8: UL中心值 | D8: USL上限 | E8: Mean均值 | F8: Stedev.标准差 | G8: CP | H8: CPK | I8: 1 | J8: 2 | K8: 3 | L8: 4 | M8: 5 | N8: 6 | O8: 7 | P8: 8 | Q8: 9 | R8: 10 | S8: 11 | T8: 12 | U8: 13 | V8: 14 | W8: 15 | X8: 16 | Y8: 17 | Z8: 18 | AA8: 19 | AB8: 20 | AC8: 21 | AD8: 22 | AE8: 23 | AF8: 24 | AG8: 25 | AH8: 26 | AI8: 27 | AJ8: 28 | AK8: 29 | AL8: 30 | AM8: 31 | AN8: 32
A9: 1 | B9: 93 | C9: 98 | D9: 103 | E9: =AVERAGE(I9:AN9) | F9: =STDEV(I9:AN9) | G9: =(D9-B9)/(6*F9) | H9: =MIN(((D9-E9)/(3*F9)),((E9-B9)/(3*F9))) | I9: 98 | J9: 98 | K9: 98 | L9: 98 | M9: 98 | N9: 99 | O9: 98 | P9: 98 | Q9: 98 | R9: 98 | S9: 98 | T9: 98 | U9: 99 | V9: 98 | W9: 98 | X9: 98 | Y9: 98 | Z9: 98 | AA9: 98 | AB9: 99 | AC9: 98 | AD9: 98 | AE9: 98 | AF9: 98 | AG9: 98 | AH9: 98 | AI9: 99 | AJ9: 98 | AK9: 98 | AL9: 98 | AM9: 98 | AN9: 99 | AO9: Z
A10: 2 | B10: 55 | C10: 60 | D10: 65 | E10: =AVERAGE(I10:AN10) | F10: =STDEV(I10:AN10) | G10: =(D10-B10)/(6*F10) | H10: =MIN(((D10-E10)/(3*F10)),((E10-B10)/(3*F10))) | I10: 60 | J10: 60 | K10: 61 | L10: 60 | M10: 61 | N10: 60 | O10: 60 | P10: 60 | Q10: 60 | R10: 60 | S10: 61 | T10: 60 | U10: 60 | V10: 60 | W10: 60 | X10: 60 | Y10: 60 | Z10: 61 | AA10: 60 | AB10: 60 | AC10: 60 | AD10: 60 | AE10: 60 | AF10: 60 | AG10: 61 | AH10: 60 | AI10: 60 | AJ10: 60 | AK10: 60 | AL10: 60 | AM10: 60 | AN10: 61 | AO10: Z
A11: 3 | B11: 25 | C11: 28 | D11: 31 | E11: =AVERAGE(I11:AN11) | F11: =STDEV(I11:AN11) | G11: =(D11-B11)/(6*F11) | H11: =MIN(((D11-E11)/(3*F11)),((E11-B11)/(3*F11))) | I11: 28 | J11: 28 | K11: 28 | L11: 29 | M11: 28 | N11: 28 | O11: 28 | P11: 28 | Q11: 28 | R11: 28 | S11: 28 | T11: 28 | U11: 28 | V11: 28 | W11: 28 | X11: 28 | Y11: 28 | Z11: 29 | AA11: 28 | AB11: 28 | AC11: 28 | AD11: 28 | AE11: 28 | AF11: 28 | AG11: 28 | AH11: 28 | AI11: 28 | AJ11: 28 | AK11: 28 | AL11: 28 | AM11: 28 | AN11: 29 | AO11: Z
A12: 4 | B12: 1.5 | C12: 2 | D12: 2.5 | E12: =AVERAGE(I12:AN12) | F12: =STDEV(I12:AN12) | G12: =(D12-B12)/(6*F12) | H12: =MIN(((D12-E12)/(3*F12)),((E12-B12)/(3*F12))) | I12: 2.1 | J12: 2.1 | K12: 2 | L12: 2.1 | M12: 2.1 | N12: 2.1 | O12: 2 | P12: 2.1 | Q12: 2.1 | R12: 2.1 | S12: 2.1 | T12: 2.1 | U12: 2 | V12: 2.1 | W12: 2.1 | X12: 2.1 | Y12: 2.1 | Z12: 2.1 | AA12: 2.1 | AB12: 2 | AC12: 2.1 | AD12: 2.1 | AE12: 2.1 | AF12: 2.1 | AG12: 2.1 | AH12: 2.1 | AI12: 2 | AJ12: 2.1 | AK12: 2.1 | AL12: 2.1 | AM12: 2.1 | AN12: 2 | AO12: E
A13: 5 | E13: =AVERAGE(I13:AN13) | F13: =STDEV(I13:AN13) | G13: =(D13-B13)/(6*F13) | H13: =MIN(((D13-E13)/(3*F13)),((E13-B13)/(3*F13)))
A14: 6 | E14: =AVERAGE(I14:AN14) | F14: =STDEV(I14:AN14) | G14: =(D14-B14)/(6*F14) | H14: =MIN(((D14-E14)/(3*F14)),((E14-B14)/(3*F14)))
A15: 7 | E15: =AVERAGE(I15:AN15) | F15: =STDEV(I15:AN15) | G15: =(D15-B15)/(6*F15) | H15: =MIN(((D15-E15)/(3*F15)),((E15-B15)/(3*F15)))
A16: 8 | E16: =AVERAGE(I16:AN16) | F16: =STDEV(I16:AN16) | G16: =(D16-B16)/(6*F16) | H16: =MIN(((D16-E16)/(3*F16)),((E16-B16)/(3*F16)))
A17: 9 | E17: =AVERAGE(I17:AN17) | F17: =STDEV(I17:AN17) | G17: =(D17-B17)/(6*F17) | H17: =MIN(((D17-E17)/(3*F17)),((E17-B17)/(3*F17)))
A18: 10 | E18: =AVERAGE(I18:AN18) | F18: =STDEV(I18:AN18) | G18: =(D18-B18)/(6*F18) | H18: =MIN(((D18-E18)/(3*F18)),((E18-B18)/(3*F18)))
A19: 11 | E19: =AVERAGE(I19:AN19) | F19: =STDEV(I19:AN19) | G19: =(D19-B19)/(6*F19) | H19: =MIN(((D19-E19)/(3*F19)),((E19-B19)/(3*F19)))
A20: 12 | E20: =AVERAGE(I20:AN20) | F20: =STDEV(I20:AN20) | G20: =(D20-B20)/(6*F20) | H20: =MIN(((D20-E20)/(3*F20)),((E20-B20)/(3*F20)))
A21: 13 | E21: =AVERAGE(I21:AN21) | F21: =STDEV(I21:AN21) | G21: =(D21-B21)/(6*F21) | H21: =MIN(((D21-E21)/(3*F21)),((E21-B21)/(3*F21)))
A22: 14 | E22: =AVERAGE(I22:AN22) | F22: =STDEV(I22:AN22) | G22: =(D22-B22)/(6*F22) | H22: =MIN(((D22-E22)/(3*F22)),((E22-B22)/(3*F22)))
A23: 15 | E23: =AVERAGE(I23:AN23) | F23: =STDEV(I23:AN23) | G23: =(D23-B23)/(6*F23) | H23: =MIN(((D23-E23)/(3*F23)),((E23-B23)/(3*F23)))
A24: 16 | E24: =AVERAGE(I24:AN24) | F24: =STDEV(I24:AN24) | G24: =(D24-B24)/(6*F24) | H24: =MIN(((D24-E24)/(3*F24)),((E24-B24)/(3*F24)))
... A38: 30 | E38: =AVERAGE(I38:AN38) | F38: =STDEV(I38:AN38) | G38: =(D38-B38)/(6*F38) | H38: =MIN(((D38-E38)/(3*F38)),((E38-B38)/(3*F38)))
A39: 仪器代号 : C-卷尺,D2-电容测量仪,E-游标卡尺,E1-导电率测定仪,F-中心距卡尺,G-塞规,H-环规,I-牙规,L-高度计,O-硬度计, P-粗度计,P1-扛杆量表,Q-推拉力计,S3-三次元,T-千分尺,T2-弹簧测试仪,V-扣合力仪,W-投影仪,WY-万用表,Z-直尺,M-其它
A40: 外观检验/Inspection regulation：
A41: 试装及功能检验 /Function test result：
A42: 综合判定/Final result： | F42: 允收/Accept ------ 可量产.
F43: 拒收 /Reject ----- 将上述不良处修正后，再送样品供检验，重新承认.
A44: 绿色产品/Green product: | F44: RoHS | I44: Lead Free | L44: 非绿色产品 | O44: 其他(备注)：
A45: 检测 /Operator： | D45: 楚谭琼 | K45: 审核/Review： | N45: 余义芳 | U45: 核准/Approval: | X45: 王立均
A47: Remark:
A48: 1--所有尺寸在样品承认阶段测量完成;
A49: 2--测量数据的数量为32PCS,存在模穴则均分考虑;
A50: 3--如果是关键尺寸请在对应列里用绿色底覆盖以示备注;
A51: 4--如果测量数据不在规格范围内,将用红色显示;
A52: 5--如果涉及到多个图纸,请在备注栏写上对应的图纸号;
A53: 6--绿色产品若勾选其他，须填入客户绿色产品规范代码.

Sheet 6.信赖性测试报告
B4: 宁波生久科技有限公司
B5: 信赖性测试报告
B15: 线材 端子
B23: http://www.shengjiu.com/

Sheet 7.材质成分展开表 
A1: 原物料有害物质调查表
A2: 供货商类别 :导线 | J2: 填表日期 : 2026 年 06 月 18 日 | AF2: 材质类别 Classification By Material
A3: ="产品名称 :"&封面!D14 | J3: 供货商代码 : 635748340
A4: 供货商名称 :久益 | AF4: 1.金属类
A5: ="地址 :"&封面!C27 | AF5: 2.塑料类
A6: 电话 :13537031623 | AF6: 3.橡胶类
A7: 供货商联系窗口 ： | AF7: 4.木材类
A8: 部门 | B8: 职称 | D8: 厂区 | F8: 姓名 | H8: 电话 | M8: E-Mail | AF8: 5.玻璃类
A9: 品质部 | B9: 经理 | D9: 生久老厂房 | F9: 王立均 | H9: 13537031623 | M9: =封面!C33 | AF9: 6.陶瓷类
A10: ="适用产品生久料号 ："&封面!D14 | AF10: 7.纸类
A11: 检测报告信息栏 Information of Test Report | G11: REACH指令信息栏 Information of REACH Directive | M11: 有害物质含量(ppm) Hazardous Substance Content(ppm) | AB11: 是否符合生久要求 | AF11: 8.制程添加物及化学品
M12: RoHS管制项目 RoHS requirements | Z12: 无卤管制项目 Halogen Free requirements | AF12: 9.其它类(除上述类别外)
A13: 项次 No. | B13: 零部件名称 Sub-part | C13: 原材料供货商 Raw Material Supplier | D13: 材质类别 Classification By Material | E13: 材质 Materials | F13: 材质重量 Material Weight (mg) | G13: 成份名称Substance Name | H13: CAS Number | I13: weight 成份重量(g) | J13: weight%成份重量% | K13: MSDS | L13: Reach报告 | M13: Pb | N13: Cd | O13: Hg | P13: Cr6+ | Q13: PBBs | R13: PBDEs | S13: DEHP | T13: DBP | U13: BBP | V13: DIBP | W13: 检测报告日期 Date Of Test Report | X13: 检测报告编号 No. Of Test Report | Y13: RoHs2.0报告 | Z13: Br | AA13: Cl | AB13: 是否符合 Yes/No | AC13: 是否为RoHS排外条款 Is It Exemption From RoHS | AD13: 生久有害物质管制规范排除项次
A52: 附表：RoHS排除管制对象项次
A53: 项次 | B53: 依据选项说明填入项次1,2,3…等，详如下列说明
A54: 1 | B54: 每支小型荧光灯管中的含汞量小于5mg
A55: 2 | B55: 一般用途直管荧光灯管的含汞量小于：
B56: 卤素磷酸盐 10 mg
B57: 正常寿命的三磷酸盐 5 mg
B58: 长效寿命的三磷酸盐 8 mg
A59: 3 | B59: 特殊用途之直管荧光灯管的含汞量未受限
A60: 4 | B60: 其他灯管中含汞量未受限(如投影强光灯和发光二极管)
A61: 5.1 | B61: 钢合金中的含铅量小于0.35 wt% (3500 ppm)
A62: 5.2 | B62: 铝合金中的含铅量小于0.4 wt% (4000 ppm)
A63: 5.3 | B63: 铜合金中的含铅量小于4 wt% (40000 ppm)
A64: 6 | B64: 高熔点型态之焊料中的含铅量(即含有超过85 %铅之锡铅焊料合金)未设限
A65: 7 | B65: 用于阴极射线管(CRT)、电子零件及荧光灯管中的玻璃所含的铅未受限
A66: 8 | B66: 使用于服务器、储存器、储存组合系统、转换、发送信号和传输之网络架构设备与电话通讯管理网络所使用之焊料中的铅未设限
A67: 9 | B67: 电子陶瓷零件中的的含铅量未设限(如高压电子装置)
A68: 10 | B68: 铅使用于铅铜轴承壳(bearing-shell)及轴衬(bush)中
A69: 11 | B69: 铅使用于销接系统
A70: 12 | B70: 铅使用于导热模块中的c-ring的涂层
... A73: 15 | B73: 含铅之焊料使用于集成电路覆晶封装内部；介于半导体芯片和载体间，来完成电力连结

Sheet 8.材质证明书
B4: 宁波生久科技有限公司
B5: 材质证明书
B23: http://www.shengjiu.com/

Sheet 9.UL 证明
B4: 宁波生久科技有限公司
B5: UL证明书
B14: 线材 端子胶壳 套管
B23: http://www.shengjiu.com/

Sheet 10.车规级增加资料
B4: 宁波生久科技有限公司
B5: 车规级增加资料
B23: http://www.shengjiu.com/

Sheet 11.包装规范
B4: 宁波生久科技有限公司
B5: 供应商包装规范
B23: http://www.shengjiu.com/

Sheet 12.出货报告＆样品
B4: 宁波生久科技有限公司
B5: 供应商出货报告
B23: http://www.shengjiu.com/
